Name,Email,Phone Number,Company,Role,Address
John Smith,john.smith@example.com,1202555147,Microsoft,Software Engineer,"Redmond, WA, USA"
Maria Gonzalez,maria.gonzalez@example.com,3461234678,Inditex,Data Analyst,"Madrid, Spain"
Akira Tanaka,akira.tanaka@example.com,819012345678,Sony,Cloud Architect,"Tokyo, Japan"
Fatima Al-Sayed,fatima.sayed@example.com,971501234567,Emirates,NLP Specialist,"Dubai, UAE"
Pierre Dubois,pierre.dubois@example.com,33612345678,BNP Paribas,Financial Analyst,"Paris, France"
Chen Wei,chen.wei@example.com,8613812345678,Huawei,AI Engineer,"Shenzhen, China"
Olivia Brown,olivia.brown@example.com,447700900123,Barclays,Business Analyst,"London, UK"
Carlos Silva,carlos.silva@example.com,5521912345678,Petrobras,Data Scientist,"Rio de Janeiro, Brazil"
Ananya Patel,ananya.patel@example.com,919876543210,TCS,Lead Analyst,"Mumbai, India"
